timestamp,open,high,low,close,volume
2026-04-10 04:00:00,23.41,23.41,23.25,23.29,2067
2026-04-10 04:01:00,23.24,23.49,23.22,23.36,19129
2026-04-10 04:02:00,23.36,23.36,23.36,23.36,0
2026-04-10 04:03:00,23.36,23.36,23.36,23.36,0
2026-04-10 04:04:00,23.36,23.36,23.36,23.36,0
2026-04-10 04:05:00,23.36,23.36,23.36,23.36,0
2026-04-10 04:06:00,23.36,23.36,23.36,23.36,0
2026-04-10 04:07:00,23.27,23.48,23.22,23.25,2478
2026-04-10 04:08:00,23.26,23.26,23.26,23.26,99
2026-04-10 04:09:00,23.28,23.28,23.28,23.28,1
2026-04-10 04:10:00,23.28,23.28,23.28,23.28,0
2026-04-10 04:11:00,23.3,23.3,23.3,23.3,10
2026-04-10 04:12:00,23.3,23.3,23.3,23.3,0
2026-04-10 04:13:00,23.3,23.3,23.3,23.3,0
2026-04-10 04:14:00,23.28,23.35,23.28,23.35,48
2026-04-10 04:15:00,23.35,23.35,23.35,23.35,0
2026-04-10 04:16:00,23.35,23.35,23.35,23.35,0
2026-04-10 04:17:00,23.35,23.35,23.35,23.35,10
2026-04-10 04:18:00,23.35,23.35,23.35,23.35,0
2026-04-10 04:19:00,23.35,23.35,23.35,23.35,0
2026-04-10 04:20:00,23.35,23.35,23.35,23.35,0
2026-04-10 04:21:00,23.26,23.26,23.26,23.26,1
2026-04-10 04:22:00,23.26,23.435,23.26,23.435,222
2026-04-10 04:23:00,23.435,23.435,23.435,23.435,0
2026-04-10 04:24:00,23.395,23.395,23.395,23.395,5
2026-04-10 04:25:00,23.395,23.395,23.395,23.395,0
2026-04-10 04:26:00,23.36,23.36,23.36,23.36,20
2026-04-10 04:27:00,23.36,23.36,23.36,23.36,0
2026-04-10 04:28:00,23.29,23.29,23.29,23.29,22
2026-04-10 04:29:00,23.29,23.29,23.29,23.29,0
2026-04-10 04:30:00,23.29,23.29,23.29,23.29,0
2026-04-10 04:31:00,23.29,23.29,23.29,23.29,0
2026-04-10 04:32:00,23.29,23.29,23.29,23.29,0
2026-04-10 04:33:00,23.35,23.35,23.35,23.35,100
2026-04-10 04:34:00,23.345,23.345,23.225,23.225,51
2026-04-10 04:35:00,23.29,23.29,23.29,23.29,2
2026-04-10 04:36:00,23.29,23.29,23.29,23.29,0
2026-04-10 04:37:00,23.29,23.29,23.29,23.29,0
2026-04-10 04:38:00,23.29,23.29,23.29,23.29,0
2026-04-10 04:39:00,23.29,23.29,23.29,23.29,0
2026-04-10 04:40:00,23.29,23.29,23.29,23.29,0
2026-04-10 04:41:00,23.29,23.29,23.29,23.29,0
2026-04-10 04:42:00,23.29,23.29,23.29,23.29,65
2026-04-10 04:43:00,23.29,23.29,23.29,23.29,0
2026-04-10 04:44:00,23.29,23.29,23.29,23.29,0
2026-04-10 04:45:00,23.225,23.225,23.225,23.225,3
2026-04-10 04:46:00,23.35,23.35,23.35,23.35,42
2026-04-10 04:47:00,23.35,23.35,23.35,23.35,0
2026-04-10 04:48:00,23.35,23.35,23.35,23.35,0
2026-04-10 04:49:00,23.35,23.35,23.35,23.35,0
2026-04-10 04:50:00,23.225,23.225,23.225,23.225,1
2026-04-10 04:51:00,23.225,23.225,23.225,23.225,0
2026-04-10 04:52:00,23.25,23.28,23.25,23.26,2302
2026-04-10 04:53:00,23.26,23.26,23.26,23.26,124
2026-04-10 04:54:00,23.24,23.24,23.23,23.23,61
2026-04-10 04:55:00,23.23,23.23,23.23,23.23,0
2026-04-10 04:56:00,23.23,23.23,23.23,23.23,0
2026-04-10 04:57:00,23.25,23.26,23.25,23.26,700
2026-04-10 04:58:00,23.204,23.204,23.204,23.204,20
2026-04-10 04:59:00,23.204,23.204,23.204,23.204,30
2026-04-10 05:00:00,23.24,23.24,23.24,23.24,120
2026-04-10 05:01:00,23.24,23.24,23.24,23.24,1
2026-04-10 05:02:00,23.25,23.25,23.25,23.25,1
2026-04-10 05:03:00,23.26,23.26,23.26,23.26,156
2026-04-10 05:04:00,23.25,23.28,23.25,23.28,269
2026-04-10 05:05:00,23.28,23.28,23.28,23.28,0
2026-04-10 05:06:00,23.28,23.28,23.28,23.28,0
2026-04-10 05:07:00,23.205,23.205,23.205,23.205,20
2026-04-10 05:08:00,23.205,23.205,23.205,23.205,0
2026-04-10 05:09:00,23.215,23.215,23.215,23.215,446
2026-04-10 05:10:00,23.28,23.28,23.22,23.22,110
2026-04-10 05:11:00,23.22,23.22,23.22,23.22,0
2026-04-10 05:12:00,23.22,23.22,23.22,23.22,7
2026-04-10 05:13:00,23.22,23.22,23.22,23.22,0
2026-04-10 05:14:00,23.22,23.22,23.22,23.22,0
2026-04-10 05:15:00,23.22,23.22,23.22,23.22,0
2026-04-10 05:16:00,23.22,23.22,23.22,23.22,0
2026-04-10 05:17:00,23.232,23.232,23.232,23.232,2
2026-04-10 05:18:00,23.26,23.33,23.26,23.33,977
2026-04-10 05:19:00,23.35,23.35,23.33,23.34,953
2026-04-10 05:20:00,23.32,23.32,23.293,23.293,216
2026-04-10 05:21:00,23.28,23.3,23.28,23.29,133
2026-04-10 05:22:00,23.28,23.28,23.28,23.28,44
2026-04-10 05:23:00,23.29,23.3,23.29,23.3,152
2026-04-10 05:24:00,23.32,23.32,23.32,23.32,1
2026-04-10 05:25:00,23.32,23.32,23.32,23.32,0
2026-04-10 05:26:00,23.32,23.32,23.32,23.32,0
2026-04-10 05:27:00,23.32,23.32,23.32,23.32,0
2026-04-10 05:28:00,23.34,23.34,23.34,23.34,201
2026-04-10 05:29:00,23.28,23.28,23.28,23.28,98
2026-04-10 05:30:00,23.28,23.28,23.28,23.28,0
2026-04-10 05:31:00,23.28,23.28,23.28,23.28,0
2026-04-10 05:32:00,23.321,23.34,23.321,23.34,24
2026-04-10 05:33:00,23.34,23.34,23.34,23.34,0
2026-04-10 05:34:00,23.34,23.34,23.34,23.34,0
2026-04-10 05:35:00,23.34,23.34,23.34,23.34,0
2026-04-10 05:36:00,23.34,23.34,23.34,23.34,0
2026-04-10 05:37:00,23.34,23.34,23.34,23.34,0
2026-04-10 05:38:00,23.338,23.338,23.338,23.338,1
2026-04-10 05:39:00,23.335,23.335,23.335,23.335,100
2026-04-10 05:40:00,23.332,23.332,23.332,23.332,17
2026-04-10 05:41:00,23.3,23.3,23.3,23.3,3
2026-04-10 05:42:00,23.3,23.3,23.3,23.3,0
2026-04-10 05:43:00,23.3,23.3,23.3,23.3,0
2026-04-10 05:44:00,23.33,23.33,23.33,23.33,5
2026-04-10 05:45:00,23.33,23.33,23.33,23.33,0
2026-04-10 05:46:00,23.33,23.33,23.33,23.33,16
2026-04-10 05:47:00,23.33,23.33,23.33,23.33,0
2026-04-10 05:48:00,23.33,23.33,23.33,23.33,0
2026-04-10 05:49:00,23.33,23.33,23.33,23.33,0
2026-04-10 05:50:00,23.35,23.35,23.35,23.35,100
2026-04-10 05:51:00,23.35,23.35,23.35,23.35,0
2026-04-10 05:52:00,23.35,23.35,23.35,23.35,0
2026-04-10 05:53:00,23.35,23.35,23.35,23.35,0
2026-04-10 05:54:00,23.35,23.35,23.35,23.35,0
2026-04-10 05:55:00,23.34,23.34,23.34,23.34,100
2026-04-10 05:56:00,23.34,23.34,23.34,23.34,0
2026-04-10 05:57:00,23.345,23.345,23.345,23.345,108
2026-04-10 05:58:00,23.345,23.345,23.345,23.345,1
2026-04-10 05:59:00,23.33,23.33,23.33,23.33,50
2026-04-10 06:00:00,23.33,23.33,23.33,23.33,0
2026-04-10 06:01:00,23.33,23.33,23.33,23.33,0
2026-04-10 06:02:00,23.33,23.33,23.33,23.33,77
2026-04-10 06:03:00,23.33,23.33,23.33,23.33,0
2026-04-10 06:04:00,23.33,23.33,23.33,23.33,30
2026-04-10 06:05:00,23.33,23.33,23.33,23.33,0
2026-04-10 06:06:00,23.26,23.26,23.26,23.26,10
2026-04-10 06:07:00,23.26,23.26,23.26,23.26,0
2026-04-10 06:08:00,23.274,23.274,23.274,23.274,5
2026-04-10 06:09:00,23.274,23.274,23.274,23.274,0
2026-04-10 06:10:00,23.33,23.33,23.28,23.28,46
2026-04-10 06:11:00,23.28,23.28,23.28,23.28,0
2026-04-10 06:12:00,23.28,23.28,23.28,23.28,0
2026-04-10 06:13:00,23.32,23.32,23.31,23.31,8
2026-04-10 06:14:00,23.31,23.31,23.31,23.31,14
2026-04-10 06:15:00,23.31,23.326,23.31,23.31,258
2026-04-10 06:16:00,23.3,23.3,23.3,23.3,6
2026-04-10 06:17:00,23.3,23.3,23.3,23.3,0
2026-04-10 06:18:00,23.3,23.3,23.3,23.3,0
2026-04-10 06:19:00,23.32,23.34,23.32,23.34,166
2026-04-10 06:20:00,23.34,23.34,23.34,23.34,0
2026-04-10 06:21:00,23.343,23.343,23.343,23.343,1
2026-04-10 06:22:00,23.343,23.343,23.343,23.343,0
2026-04-10 06:23:00,23.34,23.36,23.34,23.36,83
2026-04-10 06:24:00,23.36,23.36,23.36,23.36,0
2026-04-10 06:25:00,23.36,23.36,23.36,23.36,0
2026-04-10 06:26:00,23.34,23.34,23.34,23.34,26
2026-04-10 06:27:00,23.34,23.34,23.34,23.34,0
2026-04-10 06:28:00,23.34,23.34,23.34,23.34,0
2026-04-10 06:29:00,23.34,23.34,23.34,23.34,0
2026-04-10 06:30:00,23.32,23.32,23.28,23.32,676
2026-04-10 06:31:00,23.32,23.32,23.32,23.32,100
2026-04-10 06:32:00,23.32,23.32,23.32,23.32,0
2026-04-10 06:33:00,23.31,23.34,23.3,23.34,225
2026-04-10 06:34:00,23.3,23.34,23.3,23.34,453
2026-04-10 06:35:00,23.34,23.34,23.34,23.34,0
2026-04-10 06:36:00,23.34,23.34,23.34,23.34,0
2026-04-10 06:37:00,23.307,23.308,23.307,23.308,44
2026-04-10 06:38:00,23.308,23.308,23.308,23.308,0
2026-04-10 06:39:00,23.3,23.3,23.3,23.3,100
2026-04-10 06:40:00,23.31,23.31,23.31,23.31,120
2026-04-10 06:41:00,23.31,23.31,23.31,23.31,1
2026-04-10 06:42:00,23.31,23.31,23.31,23.31,0
2026-04-10 06:43:00,23.302,23.303,23.302,23.303,126
2026-04-10 06:44:00,23.303,23.303,23.303,23.303,0
2026-04-10 06:45:00,23.3,23.32,23.3,23.32,1264
2026-04-10 06:46:00,23.35,23.35,23.35,23.35,900
2026-04-10 06:47:00,23.35,23.35,23.35,23.35,0
2026-04-10 06:48:00,23.33,23.33,23.33,23.33,1
2026-04-10 06:49:00,23.31,23.32,23.31,23.32,27
2026-04-10 06:50:00,23.32,23.32,23.32,23.32,0
2026-04-10 06:51:00,23.32,23.32,23.32,23.32,0
2026-04-10 06:52:00,23.32,23.32,23.32,23.32,0
2026-04-10 06:53:00,23.35,23.45,23.35,23.37,913
2026-04-10 06:54:00,23.38,23.38,23.38,23.38,1
2026-04-10 06:55:00,23.35,23.35,23.35,23.35,4
2026-04-10 06:56:00,23.35,23.35,23.35,23.35,0
2026-04-10 06:57:00,23.4,23.4,23.4,23.4,420
2026-04-10 06:58:00,23.37,23.37,23.37,23.37,190
2026-04-10 06:59:00,23.35,23.41,23.32,23.32,1474
2026-04-10 07:00:00,23.35,23.36,23.35,23.36,89
2026-04-10 07:01:00,23.35,23.36,23.35,23.36,185
2026-04-10 07:02:00,23.4,23.45,23.4,23.45,504
2026-04-10 07:03:00,23.36,23.38,23.36,23.38,20
2026-04-10 07:04:00,23.49,23.49,23.31,23.4,675
2026-04-10 07:05:00,23.4,23.4,23.4,23.4,2
2026-04-10 07:06:00,23.4,23.4,23.315,23.38,18
2026-04-10 07:07:00,23.38,23.39,23.38,23.383,518
2026-04-10 07:08:00,23.385,23.385,23.385,23.385,21
2026-04-10 07:09:00,23.36,23.385,23.36,23.385,93
2026-04-10 07:10:00,23.388,23.39,23.388,23.39,105
2026-04-10 07:11:00,23.31,23.31,23.31,23.31,15
2026-04-10 07:12:00,23.37,23.37,23.37,23.37,1
2026-04-10 07:13:00,23.409,23.41,23.409,23.41,11
2026-04-10 07:14:00,23.42,23.42,23.42,23.42,10
2026-04-10 07:15:00,23.42,23.42,23.42,23.42,60
2026-04-10 07:16:00,23.38,23.38,23.38,23.38,1
2026-04-10 07:17:00,23.38,23.38,23.38,23.38,0
2026-04-10 07:18:00,23.45,23.45,23.45,23.45,4
2026-04-10 07:19:00,23.45,23.45,23.45,23.45,0
2026-04-10 07:20:00,23.38,23.45,23.38,23.45,232
2026-04-10 07:21:00,23.45,23.45,23.38,23.385,61
2026-04-10 07:22:00,23.42,23.42,23.42,23.42,50
2026-04-10 07:23:00,23.49,23.49,23.49,23.49,1
2026-04-10 07:24:00,23.45,23.45,23.45,23.45,2
2026-04-10 07:25:00,23.45,23.45,23.45,23.45,16
2026-04-10 07:26:00,23.45,23.477,23.45,23.477,1001
2026-04-10 07:27:00,23.477,23.477,23.477,23.477,0
2026-04-10 07:28:00,23.477,23.477,23.477,23.477,0
2026-04-10 07:29:00,23.477,23.477,23.477,23.477,0
2026-04-10 07:30:00,23.4,23.4,23.39,23.39,594
2026-04-10 07:31:00,23.45,23.46,23.392,23.392,220
2026-04-10 07:32:00,23.448,23.448,23.44,23.44,27
2026-04-10 07:33:00,23.45,23.46,23.45,23.454,36
2026-04-10 07:34:00,23.45,23.45,23.45,23.45,44
2026-04-10 07:35:00,23.422,23.43,23.422,23.43,411
2026-04-10 07:36:00,23.427,23.43,23.38,23.38,632
2026-04-10 07:37:00,23.38,23.38,23.38,23.38,0
2026-04-10 07:38:00,23.46,23.46,23.45,23.45,103
2026-04-10 07:39:00,23.38,23.38,23.38,23.38,77
2026-04-10 07:40:00,23.381,23.442,23.38,23.38,202
2026-04-10 07:41:00,23.446,23.446,23.4,23.4,103
2026-04-10 07:42:00,23.448,23.448,23.448,23.448,15
2026-04-10 07:43:00,23.449,23.45,23.43,23.45,113
2026-04-10 07:44:00,23.45,23.45,23.45,23.45,12
2026-04-10 07:45:00,23.439,23.45,23.38,23.38,20
2026-04-10 07:46:00,23.38,23.38,23.38,23.38,0
2026-04-10 07:47:00,23.385,23.385,23.38,23.38,60
2026-04-10 07:48:00,23.384,23.45,23.38,23.38,1255
2026-04-10 07:49:00,23.38,23.38,23.38,23.38,0
2026-04-10 07:50:00,23.448,23.448,23.448,23.448,6
2026-04-10 07:51:00,23.448,23.448,23.448,23.448,0
2026-04-10 07:52:00,23.448,23.448,23.448,23.448,0
2026-04-10 07:53:00,23.45,23.45,23.447,23.45,36
2026-04-10 07:54:00,23.439,23.45,23.4,23.45,423
2026-04-10 07:55:00,23.448,23.448,23.448,23.448,190
2026-04-10 07:56:00,23.44,23.44,23.39,23.39,340
2026-04-10 07:57:00,23.42,23.42,23.38,23.42,310
2026-04-10 07:58:00,23.45,23.45,23.337,23.35,1682
2026-04-10 07:59:00,23.35,23.45,23.35,23.431,114
2026-04-10 08:00:00,23.43,23.43,23.39,23.39,121
2026-04-10 08:01:00,23.39,23.39,23.39,23.39,0
2026-04-10 08:02:00,23.44,23.45,23.44,23.45,202
2026-04-10 08:03:00,23.45,23.45,23.45,23.45,0
2026-04-10 08:04:00,23.45,23.45,23.45,23.45,0
2026-04-10 08:05:00,23.45,23.45,23.448,23.448,51
2026-04-10 08:06:00,23.42,23.45,23.42,23.45,69
2026-04-10 08:07:00,23.4,23.4,23.4,23.4,480
2026-04-10 08:08:00,23.403,23.43,23.403,23.43,53
2026-04-10 08:09:00,23.446,23.446,23.446,23.446,11
2026-04-10 08:10:00,23.438,23.45,23.4,23.4,650
2026-04-10 08:11:00,23.45,23.45,23.444,23.444,1010
2026-04-10 08:12:00,23.45,23.45,23.45,23.45,5
2026-04-10 08:13:00,23.44,23.44,23.44,23.44,1
2026-04-10 08:14:00,23.43,23.449,23.43,23.443,1002
2026-04-10 08:15:00,23.403,23.45,23.401,23.45,2483
2026-04-10 08:16:00,23.404,23.439,23.404,23.439,1002
2026-04-10 08:17:00,23.414,23.414,23.41,23.41,13
2026-04-10 08:18:00,23.44,23.44,23.41,23.44,2501
2026-04-10 08:19:00,23.45,23.45,23.45,23.45,151
2026-04-10 08:20:00,23.43,23.45,23.43,23.45,4
2026-04-10 08:21:00,23.45,23.45,23.44,23.44,26
2026-04-10 08:22:00,23.43,23.447,23.43,23.447,350
2026-04-10 08:23:00,23.44,23.44,23.44,23.44,465
2026-04-10 08:24:00,23.41,23.45,23.41,23.45,290
2026-04-10 08:25:00,23.45,23.45,23.45,23.45,0
2026-04-10 08:26:00,23.42,23.45,23.411,23.44,1484
2026-04-10 08:27:00,23.43,23.43,23.43,23.43,100
2026-04-10 08:28:00,23.42,23.45,23.42,23.445,2401
2026-04-10 08:29:00,23.448,23.49,23.448,23.48,420
2026-04-10 08:30:00,23.49,23.58,23.49,23.58,930
2026-04-10 08:31:00,23.58,23.58,23.58,23.58,0
2026-04-10 08:32:00,23.58,23.58,23.49,23.49,168
2026-04-10 08:33:00,23.49,23.56,23.49,23.56,108
2026-04-10 08:34:00,23.535,23.535,23.527,23.527,206
2026-04-10 08:35:00,23.44,23.454,23.44,23.454,51
2026-04-10 08:36:00,23.459,23.459,23.459,23.459,2
2026-04-10 08:37:00,23.445,23.45,23.39,23.44,1168
2026-04-10 08:38:00,23.45,23.45,23.37,23.37,260
2026-04-10 08:39:00,23.45,23.46,23.449,23.456,427
2026-04-10 08:40:00,23.38,23.46,23.38,23.45,784
2026-04-10 08:41:00,23.45,23.45,23.41,23.41,1123
2026-04-10 08:42:00,23.45,23.46,23.45,23.46,349
2026-04-10 08:43:00,23.459,23.459,23.451,23.451,2
2026-04-10 08:44:00,23.45,23.45,23.41,23.41,171
2026-04-10 08:45:00,23.46,23.48,23.46,23.478,897
2026-04-10 08:46:00,23.48,23.49,23.48,23.49,361
2026-04-10 08:47:00,23.49,23.52,23.49,23.494,1120
2026-04-10 08:48:00,23.494,23.494,23.494,23.494,0
2026-04-10 08:49:00,23.52,23.52,23.517,23.52,545
2026-04-10 08:50:00,23.517,23.52,23.5,23.5,55
2026-04-10 08:51:00,23.5,23.52,23.5,23.52,92
2026-04-10 08:52:00,23.478,23.52,23.478,23.513,206
2026-04-10 08:53:00,23.51,23.52,23.478,23.52,218
2026-04-10 08:54:00,23.49,23.49,23.49,23.49,6
2026-04-10 08:55:00,23.55,23.55,23.48,23.48,261
2026-04-10 08:56:00,23.45,23.45,23.45,23.45,15
2026-04-10 08:57:00,23.45,23.45,23.45,23.45,0
2026-04-10 08:58:00,23.464,23.54,23.464,23.536,9
2026-04-10 08:59:00,23.48,23.52,23.46,23.5,1047
2026-04-10 09:00:00,23.5,23.5,23.5,23.5,2
2026-04-10 09:01:00,23.511,23.52,23.49,23.5,404
2026-04-10 09:02:00,23.52,23.52,23.52,23.52,5
2026-04-10 09:03:00,23.5,23.5,23.46,23.46,111
2026-04-10 09:04:00,23.492,23.5,23.492,23.5,421
2026-04-10 09:05:00,23.5,23.5,23.5,23.5,0
2026-04-10 09:06:00,23.5,23.5,23.5,23.5,40
2026-04-10 09:07:00,23.499,23.499,23.492,23.492,41
2026-04-10 09:08:00,23.5,23.5,23.498,23.498,12
2026-04-10 09:09:00,23.49,23.49,23.49,23.49,211
2026-04-10 09:10:00,23.48,23.483,23.45,23.48,304
2026-04-10 09:11:00,23.485,23.49,23.461,23.461,132
2026-04-10 09:12:00,23.49,23.49,23.49,23.49,4
2026-04-10 09:13:00,23.46,23.5,23.46,23.49,157
2026-04-10 09:14:00,23.49,23.52,23.49,23.511,116
2026-04-10 09:15:00,23.48,23.49,23.48,23.49,32
2026-04-10 09:16:00,23.5,23.5,23.45,23.498,2678
2026-04-10 09:17:00,23.5,23.5,23.45,23.45,21
2026-04-10 09:18:00,23.45,23.45,23.45,23.45,30
2026-04-10 09:19:00,23.499,23.5,23.499,23.5,28
2026-04-10 09:20:00,23.5,23.5,23.491,23.493,451
2026-04-10 09:21:00,23.494,23.494,23.45,23.45,54
2026-04-10 09:22:00,23.49,23.49,23.45,23.45,36
2026-04-10 09:23:00,23.491,23.5,23.491,23.5,502
2026-04-10 09:24:00,23.452,23.452,23.452,23.452,1
2026-04-10 09:25:00,23.45,23.48,23.45,23.45,92
2026-04-10 09:26:00,23.455,23.455,23.455,23.455,100
2026-04-10 09:27:00,23.47,23.59,23.47,23.578,161
2026-04-10 09:28:00,23.6,23.649,23.59,23.59,312
2026-04-10 09:29:00,23.65,23.7,23.63,23.68,2569
2026-04-10 09:30:00,23.64,23.95,23.64,23.87,407131
2026-04-10 09:31:00,23.865,24.02,23.865,23.9,207066
2026-04-10 09:32:00,23.91,24.0,23.838,24.0,181269
2026-04-10 09:33:00,23.99,24.11,23.99,24.01,262753
2026-04-10 09:34:00,24.01,24.03,23.86,23.87,90653
2026-04-10 09:35:00,23.87,24.0,23.852,23.955,107451
2026-04-10 09:36:00,23.951,24.01,23.93,23.995,133879
2026-04-10 09:37:00,24.0,24.02,23.93,23.99,102088
2026-04-10 09:38:00,23.985,24.03,23.95,23.95,97147
2026-04-10 09:39:00,23.95,23.985,23.92,23.95,85093
2026-04-10 09:40:00,23.955,23.96,23.835,23.88,108339
2026-04-10 09:41:00,23.88,24.065,23.88,24.05,143064
2026-04-10 09:42:00,24.065,24.3,24.06,24.19,301433
2026-04-10 09:43:00,24.2,24.205,24.08,24.13,103817
2026-04-10 09:44:00,24.13,24.2,24.08,24.198,142911
2026-04-10 09:45:00,24.192,24.315,24.165,24.315,175782
2026-04-10 09:46:00,24.315,24.42,24.3,24.415,196986
2026-04-10 09:47:00,24.415,24.64,24.37,24.605,618568
2026-04-10 09:48:00,24.605,24.72,24.56,24.61,359934
2026-04-10 09:49:00,24.62,24.745,24.59,24.62,137592
2026-04-10 09:50:00,24.62,24.625,24.51,24.605,124614
2026-04-10 09:51:00,24.605,24.9,24.6,24.892,446428
2026-04-10 09:52:00,24.9,25.1,24.89,25.007,491178
2026-04-10 09:53:00,25.009,25.04,24.92,25.03,223265
2026-04-10 09:54:00,25.04,25.16,25.04,25.135,195254
2026-04-10 09:55:00,25.13,25.2,25.08,25.125,181503
2026-04-10 09:56:00,25.13,25.135,24.91,24.985,154104
2026-04-10 09:57:00,24.96,25.05,24.96,24.99,119946
2026-04-10 09:58:00,24.985,24.99,24.92,24.98,114140
2026-04-10 09:59:00,24.98,25.0,24.88,24.95,131447
2026-04-10 10:00:00,24.94,24.95,24.79,24.81,97449
2026-04-10 10:01:00,24.81,24.835,24.68,24.7,129840
2026-04-10 10:02:00,24.7,24.73,24.6,24.615,91521
2026-04-10 10:03:00,24.61,24.66,24.53,24.66,163942
2026-04-10 10:04:00,24.65,24.69,24.5,24.525,138430
2026-04-10 10:05:00,24.525,24.59,24.45,24.49,142882
2026-04-10 10:06:00,24.495,24.501,24.43,24.455,97290
2026-04-10 10:07:00,24.455,24.49,24.4,24.402,152610
2026-04-10 10:08:00,24.405,24.47,24.38,24.45,128044
2026-04-10 10:09:00,24.46,24.46,24.41,24.419,62462
2026-04-10 10:10:00,24.415,24.42,24.29,24.3,131310
2026-04-10 10:11:00,24.31,24.39,24.22,24.39,131228
2026-04-10 10:12:00,24.385,24.54,24.365,24.535,191982
2026-04-10 10:13:00,24.54,24.575,24.509,24.56,144280
2026-04-10 10:14:00,24.565,24.63,24.545,24.625,100774
2026-04-10 10:15:00,24.63,24.64,24.45,24.48,110671
2026-04-10 10:16:00,24.485,24.5,24.41,24.432,58194
2026-04-10 10:17:00,24.435,24.44,24.34,24.43,126675
2026-04-10 10:18:00,24.42,24.42,24.34,24.34,56783
2026-04-10 10:19:00,24.34,24.34,24.275,24.33,44945
2026-04-10 10:20:00,24.325,24.4,24.325,24.37,73115
2026-04-10 10:21:00,24.38,24.38,24.325,24.325,65113
2026-04-10 10:22:00,24.325,24.4,24.305,24.365,81359
2026-04-10 10:23:00,24.365,24.39,24.325,24.35,32547
2026-04-10 10:24:00,24.35,24.355,24.27,24.27,51751
2026-04-10 10:25:00,24.273,24.3,24.26,24.3,52418
2026-04-10 10:26:00,24.29,24.29,24.13,24.14,118392
2026-04-10 10:27:00,24.142,24.19,24.105,24.18,60936
2026-04-10 10:28:00,24.175,24.185,24.14,24.17,50843
2026-04-10 10:29:00,24.175,24.24,24.175,24.229,77368
2026-04-10 10:30:00,24.225,24.28,24.22,24.275,84094
2026-04-10 10:31:00,24.275,24.36,24.21,24.35,174514
2026-04-10 10:32:00,24.35,24.42,24.315,24.405,89920
2026-04-10 10:33:00,24.405,24.45,24.39,24.39,99587
2026-04-10 10:34:00,24.39,24.445,24.38,24.435,73745
2026-04-10 10:35:00,24.435,24.485,24.41,24.475,53113
2026-04-10 10:36:00,24.475,24.509,24.465,24.505,59288
2026-04-10 10:37:00,24.505,24.535,24.48,24.505,65365
2026-04-10 10:38:00,24.51,24.54,24.48,24.515,45968
2026-04-10 10:39:00,24.515,24.55,24.49,24.546,67828
2026-04-10 10:40:00,24.535,24.545,24.51,24.545,37407
2026-04-10 10:41:00,24.54,24.56,24.41,24.455,139394
2026-04-10 10:42:00,24.45,24.49,24.38,24.395,108510
2026-04-10 10:43:00,24.415,24.495,24.415,24.44,64216
2026-04-10 10:44:00,24.435,24.46,24.42,24.44,62015
2026-04-10 10:45:00,24.44,24.52,24.43,24.485,61030
2026-04-10 10:46:00,24.49,24.64,24.49,24.6,143407
2026-04-10 10:47:00,24.598,24.72,24.595,24.715,229778
2026-04-10 10:48:00,24.72,24.735,24.65,24.735,78928
2026-04-10 10:49:00,24.735,24.735,24.66,24.68,82861
2026-04-10 10:50:00,24.68,24.835,24.68,24.835,179576
2026-04-10 10:51:00,24.83,24.905,24.82,24.861,265935
2026-04-10 10:52:00,24.865,24.94,24.86,24.92,113179
2026-04-10 10:53:00,24.925,24.968,24.88,24.9,119037
2026-04-10 10:54:00,24.905,24.94,24.87,24.875,125307
2026-04-10 10:55:00,24.875,24.935,24.83,24.93,89379
2026-04-10 10:56:00,24.93,24.94,24.86,24.865,136991
2026-04-10 10:57:00,24.865,24.93,24.85,24.892,50508
2026-04-10 10:58:00,24.892,24.985,24.89,24.975,76245
2026-04-10 10:59:00,24.977,25.055,24.97,25.035,314412
2026-04-10 11:00:00,25.03,25.05,24.905,24.93,96820
2026-04-10 11:01:00,24.93,24.975,24.86,24.91,124831
2026-04-10 11:02:00,24.9,24.928,24.87,24.9,47564
2026-04-10 11:03:00,24.89,24.89,24.83,24.845,59357
2026-04-10 11:04:00,24.85,24.88,24.82,24.84,52037
2026-04-10 11:05:00,24.831,24.88,24.82,24.87,40670
2026-04-10 11:06:00,24.875,24.89,24.82,24.867,98567
2026-04-10 11:07:00,24.86,24.91,24.824,24.88,50276
2026-04-10 11:08:00,24.908,24.95,24.87,24.925,43729
2026-04-10 11:09:00,24.925,24.93,24.87,24.88,57741
2026-04-10 11:10:00,24.885,24.9,24.82,24.82,58190
2026-04-10 11:11:00,24.825,24.91,24.82,24.875,50814
2026-04-10 11:12:00,24.88,24.91,24.87,24.895,31425
2026-04-10 11:13:00,24.89,24.9,24.81,24.815,45761
2026-04-10 11:14:00,24.81,24.92,24.8,24.895,65738
2026-04-10 11:15:00,24.9,24.93,24.885,24.93,28916
2026-04-10 11:16:00,24.93,24.94,24.89,24.902,43275
2026-04-10 11:17:00,24.91,24.91,24.85,24.865,37330
2026-04-10 11:18:00,24.87,24.9,24.86,24.895,49616
2026-04-10 11:19:00,24.895,24.907,24.87,24.89,20666
2026-04-10 11:20:00,24.895,24.975,24.895,24.975,42661
2026-04-10 11:21:00,24.98,24.995,24.96,24.985,28646
2026-04-10 11:22:00,24.985,25.065,24.98,25.065,109550
2026-04-10 11:23:00,25.065,25.11,25.06,25.08,314167
2026-04-10 11:24:00,25.085,25.09,25.04,25.04,86303
2026-04-10 11:25:00,25.05,25.055,25.015,25.015,25453
2026-04-10 11:26:00,25.015,25.015,24.92,24.95,62992
2026-04-10 11:27:00,24.955,24.96,24.89,24.935,56594
2026-04-10 11:28:00,24.93,24.94,24.9,24.93,30366
2026-04-10 11:29:00,24.92,24.95,24.915,24.945,55198
2026-04-10 11:30:00,24.95,24.975,24.925,24.93,38861
2026-04-10 11:31:00,24.925,24.975,24.91,24.96,50375
2026-04-10 11:32:00,24.96,24.96,24.84,24.85,56822
2026-04-10 11:33:00,24.845,24.855,24.76,24.77,83653
2026-04-10 11:34:00,24.75,24.75,24.68,24.742,121729
2026-04-10 11:35:00,24.75,24.75,24.7,24.7,48579
2026-04-10 11:36:00,24.705,24.74,24.67,24.675,51004
2026-04-10 11:37:00,24.66,24.71,24.66,24.67,36927
2026-04-10 11:38:00,24.66,24.68,24.63,24.64,36632
2026-04-10 11:39:00,24.635,24.635,24.6,24.62,43691
2026-04-10 11:40:00,24.61,24.66,24.55,24.6,91379
2026-04-10 11:41:00,24.61,24.69,24.59,24.68,55109
2026-04-10 11:42:00,24.68,24.72,24.62,24.635,66049
2026-04-10 11:43:00,24.635,24.655,24.6,24.63,52853
2026-04-10 11:44:00,24.625,24.68,24.62,24.68,37020
2026-04-10 11:45:00,24.675,24.675,24.645,24.66,41187
2026-04-10 11:46:00,24.665,24.69,24.65,24.66,31172
2026-04-10 11:47:00,24.65,24.715,24.625,24.71,45044
2026-04-10 11:48:00,24.715,24.82,24.715,24.725,124518
2026-04-10 11:49:00,24.72,24.745,24.71,24.74,57728
2026-04-10 11:50:00,24.735,24.76,24.725,24.738,35515
2026-04-10 11:51:00,24.74,24.745,24.719,24.735,26008
2026-04-10 11:52:00,24.74,24.795,24.725,24.785,41872
2026-04-10 11:53:00,24.785,24.83,24.755,24.83,38302
2026-04-10 11:54:00,24.825,24.845,24.81,24.815,49383
2026-04-10 11:55:00,24.815,24.82,24.74,24.75,51782
2026-04-10 11:56:00,24.755,24.78,24.73,24.761,41273
2026-04-10 11:57:00,24.76,24.775,24.685,24.705,64432
2026-04-10 11:58:00,24.7,24.735,24.7,24.71,34046
2026-04-10 11:59:00,24.71,24.785,24.71,24.777,32075
2026-04-10 12:00:00,24.78,24.79,24.72,24.72,44012
2026-04-10 12:01:00,24.72,24.745,24.68,24.7,86119
2026-04-10 12:02:00,24.695,24.785,24.685,24.77,45487
2026-04-10 12:03:00,24.775,24.785,24.73,24.765,46540
2026-04-10 12:04:00,24.77,24.77,24.74,24.76,39237
2026-04-10 12:05:00,24.755,24.82,24.755,24.81,31762
2026-04-10 12:06:00,24.8,24.84,24.78,24.828,46700
2026-04-10 12:07:00,24.821,24.845,24.82,24.84,33774
2026-04-10 12:08:00,24.849,24.87,24.847,24.86,26548
2026-04-10 12:09:00,24.865,24.89,24.81,24.815,66736
2026-04-10 12:10:00,24.82,24.865,24.815,24.865,24963
2026-04-10 12:11:00,24.865,24.93,24.85,24.921,43131
2026-04-10 12:12:00,24.925,24.93,24.895,24.905,52613
2026-04-10 12:13:00,24.91,24.94,24.873,24.94,51372
2026-04-10 12:14:00,24.935,24.95,24.89,24.89,18517
2026-04-10 12:15:00,24.89,24.89,24.87,24.875,42978
2026-04-10 12:16:00,24.878,24.935,24.877,24.92,26077
2026-04-10 12:17:00,24.925,24.95,24.915,24.95,41540
2026-04-10 12:18:00,24.94,24.965,24.92,24.965,29921
2026-04-10 12:19:00,24.97,25.035,24.97,25.0,95490
2026-04-10 12:20:00,25.01,25.035,24.98,25.035,48387
2026-04-10 12:21:00,25.04,25.05,24.995,24.995,29007
2026-04-10 12:22:00,24.995,25.04,24.96,25.04,31857
2026-04-10 12:23:00,25.031,25.04,24.96,24.97,34708
2026-04-10 12:24:00,24.98,25.04,24.965,25.04,41427
2026-04-10 12:25:00,25.045,25.05,25.02,25.035,24328
2026-04-10 12:26:00,25.03,25.06,25.03,25.035,20479
2026-04-10 12:27:00,25.04,25.06,25.04,25.06,22145
2026-04-10 12:28:00,25.06,25.08,25.03,25.069,46938
2026-04-10 12:29:00,25.07,25.08,25.055,25.055,34060
2026-04-10 12:30:00,25.055,25.09,25.04,25.09,75608
2026-04-10 12:31:00,25.085,25.12,25.065,25.095,53489
2026-04-10 12:32:00,25.1,25.135,25.04,25.045,44809
2026-04-10 12:33:00,25.035,25.09,25.035,25.035,29265
2026-04-10 12:34:00,25.04,25.095,25.04,25.07,35385
2026-04-10 12:35:00,25.075,25.08,24.99,25.005,55523
2026-04-10 12:36:00,25.006,25.055,25.0,25.025,62038
2026-04-10 12:37:00,25.02,25.04,25.0,25.025,39802
2026-04-10 12:38:00,25.025,25.03,24.99,24.995,28988
2026-04-10 12:39:00,24.99,25.025,24.99,25.02,31769
2026-04-10 12:40:00,25.02,25.03,24.995,24.995,25154
2026-04-10 12:41:00,24.995,25.025,24.975,24.976,28566
2026-04-10 12:42:00,24.98,25.0,24.95,24.965,36062
2026-04-10 12:43:00,24.97,24.98,24.915,24.915,53215
2026-04-10 12:44:00,24.915,24.93,24.89,24.92,35875
2026-04-10 12:45:00,24.93,24.995,24.93,24.99,25101
2026-04-10 12:46:00,24.99,25.015,24.97,24.995,43302
2026-04-10 12:47:00,24.99,25.039,24.97,25.034,34712
2026-04-10 12:48:00,25.035,25.05,25.015,25.03,24034
2026-04-10 12:49:00,25.021,25.035,25.01,25.034,26063
2026-04-10 12:50:00,25.04,25.09,25.04,25.075,44737
2026-04-10 12:51:00,25.08,25.09,25.035,25.06,43793
2026-04-10 12:52:00,25.07,25.09,25.07,25.085,20399
2026-04-10 12:53:00,25.08,25.145,25.08,25.145,68825
2026-04-10 12:54:00,25.145,25.15,25.109,25.12,34093
2026-04-10 12:55:00,25.13,25.14,25.11,25.133,30164
2026-04-10 12:56:00,25.14,25.185,25.12,25.185,44723
2026-04-10 12:57:00,25.19,25.2,25.17,25.19,37131
2026-04-10 12:58:00,25.185,25.195,25.18,25.195,41358
2026-04-10 12:59:00,25.19,25.24,25.18,25.23,158392
2026-04-10 13:00:00,25.235,25.25,25.2,25.245,84188
2026-04-10 13:01:00,25.245,25.3,25.24,25.24,110308
2026-04-10 13:02:00,25.24,25.255,25.18,25.2,74010
2026-04-10 13:03:00,25.2,25.24,25.19,25.23,42383
2026-04-10 13:04:00,25.23,25.23,25.205,25.215,18819
2026-04-10 13:05:00,25.215,25.305,25.2,25.29,49003
2026-04-10 13:06:00,25.285,25.3,25.26,25.265,45703
2026-04-10 13:07:00,25.265,25.275,25.253,25.275,34699
2026-04-10 13:08:00,25.265,25.34,25.265,25.32,60036
2026-04-10 13:09:00,25.315,25.335,25.29,25.305,40490
2026-04-10 13:10:00,25.3,25.31,25.25,25.25,38702
2026-04-10 13:11:00,25.25,25.34,25.24,25.33,39344
2026-04-10 13:12:00,25.332,25.345,25.285,25.295,37634
2026-04-10 13:13:00,25.295,25.33,25.285,25.31,33505
2026-04-10 13:14:00,25.31,25.32,25.305,25.32,50631
2026-04-10 13:15:00,25.319,25.325,25.25,25.255,35413
2026-04-10 13:16:00,25.255,25.31,25.223,25.24,67723
2026-04-10 13:17:00,25.245,25.28,25.245,25.26,72087
2026-04-10 13:18:00,25.26,25.276,25.25,25.275,33636
2026-04-10 13:19:00,25.26,25.26,25.22,25.24,44791
2026-04-10 13:20:00,25.245,25.26,25.22,25.223,29547
2026-04-10 13:21:00,25.23,25.275,25.22,25.265,55177
2026-04-10 13:22:00,25.27,25.275,25.21,25.22,40131
2026-04-10 13:23:00,25.225,25.245,25.217,25.23,17735
2026-04-10 13:24:00,25.235,25.245,25.2,25.205,30631
2026-04-10 13:25:00,25.2,25.215,25.19,25.195,43914
2026-04-10 13:26:00,25.2,25.23,25.185,25.195,56385
2026-04-10 13:27:00,25.2,25.21,25.16,25.16,25123
2026-04-10 13:28:00,25.165,25.165,25.13,25.155,52818
2026-04-10 13:29:00,25.155,25.16,25.115,25.125,22783
2026-04-10 13:30:00,25.125,25.175,25.12,25.155,51994
2026-04-10 13:31:00,25.158,25.165,25.15,25.155,15590
2026-04-10 13:32:00,25.155,25.205,25.15,25.205,29024
2026-04-10 13:33:00,25.21,25.29,25.21,25.29,50421
2026-04-10 13:34:00,25.29,25.31,25.27,25.305,59046
2026-04-10 13:35:00,25.31,25.32,25.295,25.31,50455
2026-04-10 13:36:00,25.315,25.345,25.285,25.325,92945
2026-04-10 13:37:00,25.32,25.33,25.31,25.32,29202
2026-04-10 13:38:00,25.32,25.33,25.305,25.315,33190
2026-04-10 13:39:00,25.315,25.325,25.305,25.325,15230
2026-04-10 13:40:00,25.325,25.35,25.32,25.35,50244
2026-04-10 13:41:00,25.355,25.42,25.355,25.405,73994
2026-04-10 13:42:00,25.405,25.425,25.36,25.425,51710
2026-04-10 13:43:00,25.425,25.455,25.4,25.435,73571
2026-04-10 13:44:00,25.435,25.44,25.35,25.36,139698
2026-04-10 13:45:00,25.365,25.39,25.355,25.387,51209
2026-04-10 13:46:00,25.385,25.4,25.365,25.395,53888
2026-04-10 13:47:00,25.395,25.415,25.39,25.404,29637
2026-04-10 13:48:00,25.405,25.44,25.405,25.44,30893
2026-04-10 13:49:00,25.435,25.44,25.4,25.415,48089
2026-04-10 13:50:00,25.415,25.44,25.41,25.43,28537
2026-04-10 13:51:00,25.435,25.44,25.415,25.425,19625
2026-04-10 13:52:00,25.43,25.46,25.43,25.46,40287
2026-04-10 13:53:00,25.455,25.465,25.435,25.445,40773
2026-04-10 13:54:00,25.45,25.46,25.44,25.45,38768
2026-04-10 13:55:00,25.44,25.46,25.425,25.445,17041
2026-04-10 13:56:00,25.445,25.545,25.44,25.515,249274
2026-04-10 13:57:00,25.52,25.525,25.495,25.51,45495
2026-04-10 13:58:00,25.52,25.52,25.48,25.487,24212
2026-04-10 13:59:00,25.49,25.49,25.45,25.465,58910
2026-04-10 14:00:00,25.465,25.465,25.415,25.42,81307
2026-04-10 14:01:00,25.42,25.42,25.38,25.4,33272
2026-04-10 14:02:00,25.4,25.44,25.38,25.43,33857
2026-04-10 14:03:00,25.435,25.47,25.435,25.455,37258
2026-04-10 14:04:00,25.455,25.465,25.4,25.405,28127
2026-04-10 14:05:00,25.4,25.415,25.37,25.415,34411
2026-04-10 14:06:00,25.41,25.41,25.372,25.372,28921
2026-04-10 14:07:00,25.375,25.38,25.36,25.375,14855
2026-04-10 14:08:00,25.37,25.409,25.35,25.401,27774
2026-04-10 14:09:00,25.405,25.408,25.341,25.341,29190
2026-04-10 14:10:00,25.345,25.4,25.34,25.4,60184
2026-04-10 14:11:00,25.405,25.42,25.405,25.42,48162
2026-04-10 14:12:00,25.415,25.42,25.375,25.38,26416
2026-04-10 14:13:00,25.38,25.4,25.375,25.385,35605
2026-04-10 14:14:00,25.385,25.4,25.37,25.385,39669
2026-04-10 14:15:00,25.38,25.44,25.38,25.435,37930
2026-04-10 14:16:00,25.435,25.465,25.43,25.465,24482
2026-04-10 14:17:00,25.465,25.47,25.423,25.425,33218
2026-04-10 14:18:00,25.425,25.425,25.345,25.37,69128
2026-04-10 14:19:00,25.36,25.395,25.36,25.363,20761
2026-04-10 14:20:00,25.365,25.395,25.36,25.385,27990
2026-04-10 14:21:00,25.38,25.39,25.37,25.39,27157
2026-04-10 14:22:00,25.4,25.405,25.39,25.4,22355
2026-04-10 14:23:00,25.4,25.41,25.395,25.405,27893
2026-04-10 14:24:00,25.402,25.403,25.35,25.35,27945
2026-04-10 14:25:00,25.35,25.35,25.305,25.315,43345
2026-04-10 14:26:00,25.31,25.315,25.28,25.305,32992
2026-04-10 14:27:00,25.305,25.33,25.295,25.323,37029
2026-04-10 14:28:00,25.325,25.34,25.31,25.314,39855
2026-04-10 14:29:00,25.31,25.32,25.3,25.31,20465
2026-04-10 14:30:00,25.31,25.31,25.29,25.3,16111
2026-04-10 14:31:00,25.305,25.31,25.22,25.22,37387
2026-04-10 14:32:00,25.215,25.235,25.205,25.232,35203
2026-04-10 14:33:00,25.24,25.265,25.23,25.265,35511
2026-04-10 14:34:00,25.26,25.27,25.24,25.25,22854
2026-04-10 14:35:00,25.25,25.25,25.23,25.23,31203
2026-04-10 14:36:00,25.235,25.275,25.235,25.24,33656
2026-04-10 14:37:00,25.25,25.32,25.245,25.315,37412
2026-04-10 14:38:00,25.315,25.32,25.275,25.29,30443
2026-04-10 14:39:00,25.285,25.3,25.27,25.285,25674
2026-04-10 14:40:00,25.285,25.295,25.255,25.265,25844
2026-04-10 14:41:00,25.265,25.265,25.24,25.245,14161
2026-04-10 14:42:00,25.244,25.25,25.23,25.24,17145
2026-04-10 14:43:00,25.245,25.255,25.24,25.25,17020
2026-04-10 14:44:00,25.25,25.255,25.23,25.25,14882
2026-04-10 14:45:00,25.24,25.245,25.153,25.155,104148
2026-04-10 14:46:00,25.155,25.165,25.11,25.11,51480
2026-04-10 14:47:00,25.11,25.11,25.075,25.09,51427
2026-04-10 14:48:00,25.095,25.1,25.05,25.07,76480
2026-04-10 14:49:00,25.064,25.08,25.05,25.065,45170
2026-04-10 14:50:00,25.06,25.07,25.05,25.06,59625
2026-04-10 14:51:00,25.06,25.089,25.05,25.089,66957
2026-04-10 14:52:00,25.09,25.12,25.08,25.115,48638
2026-04-10 14:53:00,25.115,25.13,25.11,25.12,47958
2026-04-10 14:54:00,25.115,25.135,25.11,25.121,41684
2026-04-10 14:55:00,25.125,25.14,25.115,25.12,72829
2026-04-10 14:56:00,25.11,25.115,25.08,25.098,20699
2026-04-10 14:57:00,25.1,25.11,25.075,25.075,22787
2026-04-10 14:58:00,25.075,25.095,25.07,25.09,24053
2026-04-10 14:59:00,25.09,25.135,25.09,25.13,25519
2026-04-10 15:00:00,25.12,25.195,25.115,25.187,39478
2026-04-10 15:01:00,25.185,25.185,25.12,25.12,25030
2026-04-10 15:02:00,25.125,25.145,25.125,25.135,15010
2026-04-10 15:03:00,25.135,25.153,25.13,25.14,20814
2026-04-10 15:04:00,25.13,25.135,25.115,25.13,28933
2026-04-10 15:05:00,25.14,25.14,25.125,25.125,14910
2026-04-10 15:06:00,25.13,25.14,25.1,25.11,22052
2026-04-10 15:07:00,25.12,25.12,25.1,25.11,18163
2026-04-10 15:08:00,25.105,25.115,25.09,25.106,28004
2026-04-10 15:09:00,25.105,25.135,25.095,25.135,31833
2026-04-10 15:10:00,25.135,25.16,25.11,25.11,21239
2026-04-10 15:11:00,25.12,25.135,25.115,25.12,15504
2026-04-10 15:12:00,25.125,25.15,25.115,25.148,19420
2026-04-10 15:13:00,25.14,25.16,25.125,25.13,37859
2026-04-10 15:14:00,25.13,25.18,25.13,25.18,27687
2026-04-10 15:15:00,25.182,25.19,25.16,25.165,20074
2026-04-10 15:16:00,25.16,25.165,25.15,25.165,12720
2026-04-10 15:17:00,25.165,25.17,25.14,25.155,27896
2026-04-10 15:18:00,25.16,25.165,25.15,25.165,15250
2026-04-10 15:19:00,25.165,25.165,25.11,25.125,31614
2026-04-10 15:20:00,25.12,25.147,25.09,25.1,254131
2026-04-10 15:21:00,25.095,25.145,25.06,25.135,69168
2026-04-10 15:22:00,25.135,25.195,25.13,25.195,47990
2026-04-10 15:23:00,25.195,25.275,25.18,25.26,132406
2026-04-10 15:24:00,25.25,25.255,25.205,25.22,39116
2026-04-10 15:25:00,25.227,25.26,25.225,25.25,44677
2026-04-10 15:26:00,25.25,25.26,25.235,25.245,33746
2026-04-10 15:27:00,25.245,25.245,25.22,25.235,30057
2026-04-10 15:28:00,25.24,25.26,25.235,25.241,30701
2026-04-10 15:29:00,25.24,25.246,25.2,25.205,30380
2026-04-10 15:30:00,25.205,25.22,25.16,25.16,75465
2026-04-10 15:31:00,25.165,25.19,25.15,25.17,71475
2026-04-10 15:32:00,25.175,25.19,25.165,25.19,41702
2026-04-10 15:33:00,25.19,25.26,25.18,25.245,81198
2026-04-10 15:34:00,25.25,25.29,25.25,25.285,40483
2026-04-10 15:35:00,25.285,25.295,25.27,25.28,54106
2026-04-10 15:36:00,25.27,25.3,25.255,25.255,47811
2026-04-10 15:37:00,25.25,25.27,25.24,25.26,34210
2026-04-10 15:38:00,25.255,25.255,25.215,25.215,35808
2026-04-10 15:39:00,25.21,25.23,25.202,25.205,41792
2026-04-10 15:40:00,25.2,25.25,25.155,25.235,61488
2026-04-10 15:41:00,25.245,25.27,25.24,25.25,52361
2026-04-10 15:42:00,25.245,25.25,25.21,25.215,28524
2026-04-10 15:43:00,25.215,25.22,25.19,25.205,80797
2026-04-10 15:44:00,25.205,25.275,25.2,25.265,112973
2026-04-10 15:45:00,25.265,25.32,25.26,25.275,95030
2026-04-10 15:46:00,25.275,25.295,25.26,25.265,56478
2026-04-10 15:47:00,25.265,25.275,25.245,25.245,75722
2026-04-10 15:48:00,25.245,25.295,25.23,25.235,132820
2026-04-10 15:49:00,25.22,25.24,25.195,25.24,108725
2026-04-10 15:50:00,25.23,25.29,25.23,25.265,367280
2026-04-10 15:51:00,25.265,25.27,25.2,25.225,84005
2026-04-10 15:52:00,25.225,25.26,25.22,25.235,300633
2026-04-10 15:53:00,25.24,25.26,25.215,25.215,93134
2026-04-10 15:54:00,25.21,25.265,25.17,25.255,149283
2026-04-10 15:55:00,25.25,25.285,25.24,25.275,138593
2026-04-10 15:56:00,25.27,25.28,25.23,25.241,117883
2026-04-10 15:57:00,25.245,25.275,25.22,25.255,192157
2026-04-10 15:58:00,25.255,25.27,25.24,25.25,242818
2026-04-10 15:59:00,25.25,25.26,25.235,25.26,440403
2026-04-10 16:00:00,25.26,25.27,25.22,25.27,671245
2026-04-10 16:01:00,25.26,25.26,25.14,25.205,54457
2026-04-10 16:02:00,25.21,25.26,25.19,25.19,4001
2026-04-10 16:03:00,25.2,25.24,25.2,25.24,5241
2026-04-10 16:04:00,25.26,25.26,25.2,25.2,931
2026-04-10 16:05:00,25.23,25.23,25.15,25.23,563
2026-04-10 16:06:00,25.23,25.23,25.18,25.18,306
2026-04-10 16:07:00,25.23,25.23,25.19,25.23,33652
2026-04-10 16:08:00,25.2,25.24,25.2,25.238,623
2026-04-10 16:09:00,25.205,25.24,25.205,25.232,2086
2026-04-10 16:10:00,25.26,25.26,25.23,25.24,877
2026-04-10 16:11:00,25.24,25.24,25.23,25.24,64
2026-04-10 16:12:00,25.24,25.24,25.219,25.22,3754
2026-04-10 16:13:00,25.22,25.24,25.22,25.24,300
2026-04-10 16:14:00,25.24,25.24,25.22,25.24,731
2026-04-10 16:15:00,25.26,25.3,25.23,25.26,3934
2026-04-10 16:16:00,25.26,25.261,25.26,25.26,62
2026-04-10 16:17:00,25.261,25.261,25.26,25.26,70
2026-04-10 16:18:00,25.28,25.28,25.26,25.28,551
2026-04-10 16:19:00,25.277,25.277,25.27,25.27,1640
2026-04-10 16:20:00,25.261,25.261,25.26,25.26,80
2026-04-10 16:21:00,25.26,25.35,25.26,25.31,3151
2026-04-10 16:22:00,25.319,25.32,25.3,25.3,7303
2026-04-10 16:23:00,25.28,25.3,25.26,25.3,210
2026-04-10 16:24:00,25.27,25.27,25.27,25.27,5
2026-04-10 16:25:00,25.26,25.3,25.26,25.27,54
2026-04-10 16:26:00,25.3,25.3,25.26,25.26,61
2026-04-10 16:27:00,25.28,25.28,25.26,25.26,119
2026-04-10 16:28:00,25.25,25.25,25.25,25.25,18035
2026-04-10 16:29:00,25.25,25.28,25.25,25.28,81
2026-04-10 16:30:00,25.27,25.27,25.27,25.27,7
2026-04-10 16:31:00,25.27,25.28,25.26,25.28,763
2026-04-10 16:32:00,25.27,25.28,25.27,25.27,2053
2026-04-10 16:33:00,25.27,25.35,25.27,25.27,1115
2026-04-10 16:34:00,25.294,25.294,25.25,25.25,15
2026-04-10 16:35:00,25.29,25.3,25.25,25.298,21
2026-04-10 16:36:00,25.25,25.28,25.25,25.276,507
2026-04-10 16:37:00,25.25,25.28,25.25,25.25,277
2026-04-10 16:38:00,25.27,25.28,25.269,25.27,2007
2026-04-10 16:39:00,25.29,25.29,25.29,25.29,165
2026-04-10 16:40:00,25.29,25.29,25.28,25.289,626
2026-04-10 16:41:00,25.287,25.29,25.27,25.29,594
2026-04-10 16:42:00,25.287,25.29,25.27,25.29,2062
2026-04-10 16:43:00,25.27,25.3,25.27,25.3,296
2026-04-10 16:44:00,25.3,25.3,25.3,25.3,709
2026-04-10 16:45:00,25.3,25.3,25.3,25.3,0
2026-04-10 16:46:00,25.3,25.318,25.3,25.31,120
2026-04-10 16:47:00,25.27,25.31,25.27,25.31,4030
2026-04-10 16:48:00,25.26,25.26,25.26,25.26,19
2026-04-10 16:49:00,25.3,25.317,25.27,25.3,5358
2026-04-10 16:50:00,25.3,25.31,25.29,25.3,119
2026-04-10 16:51:00,25.3,25.3,25.27,25.27,554
2026-04-10 16:52:00,25.28,25.31,25.28,25.28,21
2026-04-10 16:53:00,25.3,25.32,25.276,25.296,405
2026-04-10 16:54:00,25.3,25.314,25.27,25.314,188
2026-04-10 16:55:00,25.31,25.32,25.31,25.31,71
2026-04-10 16:56:00,25.31,25.31,25.31,25.31,20
2026-04-10 16:57:00,25.32,25.32,25.31,25.31,4440
2026-04-10 16:58:00,25.32,25.32,25.31,25.32,5466
2026-04-10 16:59:00,25.319,25.34,25.3,25.3,605
2026-04-10 17:00:00,25.34,25.35,25.27,25.31,682
2026-04-10 17:01:00,25.34,25.35,25.33,25.35,363
2026-04-10 17:02:00,25.35,25.36,25.35,25.36,228
2026-04-10 17:03:00,25.348,25.35,25.348,25.35,1278
2026-04-10 17:04:00,25.35,25.36,25.35,25.36,170
2026-04-10 17:05:00,25.36,25.38,25.3,25.38,207
2026-04-10 17:06:00,25.37,25.37,25.341,25.37,11
2026-04-10 17:07:00,25.37,25.38,25.37,25.37,23
2026-04-10 17:08:00,25.36,25.375,25.36,25.375,511
2026-04-10 17:09:00,25.34,25.34,25.34,25.34,8
2026-04-10 17:10:00,25.34,25.36,25.34,25.352,30
2026-04-10 17:11:00,25.36,25.36,25.34,25.34,263
2026-04-10 17:12:00,25.358,25.36,25.32,25.32,407
2026-04-10 17:13:00,25.35,25.36,25.3,25.301,126
2026-04-10 17:14:00,25.33,25.33,25.317,25.32,253
2026-04-10 17:15:00,25.32,25.32,25.3,25.301,53
2026-04-10 17:16:00,25.301,25.301,25.301,25.301,0
2026-04-10 17:17:00,25.3,25.32,25.3,25.32,74
2026-04-10 17:18:00,25.32,25.32,25.3,25.32,350
2026-04-10 17:19:00,25.32,25.32,25.28,25.28,649
2026-04-10 17:20:00,25.319,25.35,25.31,25.33,1110
2026-04-10 17:21:00,25.32,25.33,25.32,25.33,71
2026-04-10 17:22:00,25.3,25.3,25.3,25.3,1487
2026-04-10 17:23:00,25.3,25.3,25.3,25.3,0
2026-04-10 17:24:00,25.32,25.322,25.3,25.322,202
2026-04-10 17:25:00,25.31,25.31,25.308,25.31,521
2026-04-10 17:26:00,25.31,25.31,25.293,25.31,141
2026-04-10 17:27:00,25.3,25.3,25.3,25.3,301
2026-04-10 17:28:00,25.27,25.3,25.27,25.3,2996
2026-04-10 17:29:00,25.3,25.3,25.29,25.296,976
2026-04-10 17:30:00,25.3,25.3,25.296,25.3,21
2026-04-10 17:31:00,25.3,25.3,25.3,25.3,3
2026-04-10 17:32:00,25.3,25.3,25.3,25.3,5
2026-04-10 17:33:00,25.297,25.297,25.297,25.297,20
2026-04-10 17:34:00,25.3,25.3,25.28,25.3,202
2026-04-10 17:35:00,25.297,25.297,25.297,25.297,30
2026-04-10 17:36:00,25.293,25.293,25.29,25.29,8
2026-04-10 17:37:00,25.3,25.313,25.28,25.313,117
2026-04-10 17:38:00,25.281,25.3,25.281,25.281,629
2026-04-10 17:39:00,25.28,25.35,25.28,25.35,22
2026-04-10 17:40:00,25.29,25.3,25.29,25.3,66
2026-04-10 17:41:00,25.35,25.35,25.3,25.3,530
2026-04-10 17:42:00,25.3,25.3,25.3,25.3,1
2026-04-10 17:43:00,25.3,25.3,25.3,25.3,151
2026-04-10 17:44:00,25.3,25.3,25.3,25.3,15
2026-04-10 17:45:00,25.28,25.3,25.28,25.3,16
2026-04-10 17:46:00,25.283,25.283,25.283,25.283,50
2026-04-10 17:47:00,25.297,25.297,25.297,25.297,400
2026-04-10 17:48:00,25.297,25.297,25.297,25.297,0
2026-04-10 17:49:00,25.28,25.28,25.28,25.28,10
2026-04-10 17:50:00,25.289,25.289,25.28,25.28,61
2026-04-10 17:51:00,25.295,25.295,25.29,25.29,565
2026-04-10 17:52:00,25.28,25.29,25.28,25.29,391
2026-04-10 17:53:00,25.3,25.3,25.28,25.28,129
2026-04-10 17:54:00,25.297,25.3,25.297,25.3,3170
2026-04-10 17:55:00,25.299,25.3,25.297,25.3,105
2026-04-10 17:56:00,25.3,25.3,25.3,25.3,0
2026-04-10 17:57:00,25.3,25.3,25.3,25.3,6
2026-04-10 17:58:00,25.29,25.3,25.29,25.299,700
2026-04-10 17:59:00,25.3,25.3,25.299,25.299,301
2026-04-10 18:00:00,25.3,25.3,25.3,25.3,10
2026-04-10 18:01:00,25.3,25.3,25.29,25.29,325
2026-04-10 18:02:00,25.3,25.3,25.29,25.3,259
2026-04-10 18:03:00,25.29,25.29,25.29,25.29,439
2026-04-10 18:04:00,25.3,25.3,25.29,25.3,215
2026-04-10 18:05:00,25.299,25.3,25.299,25.3,541
2026-04-10 18:06:00,25.29,25.3,25.29,25.29,2523
2026-04-10 18:07:00,25.3,25.3,25.29,25.29,34
2026-04-10 18:08:00,25.3,25.3,25.3,25.3,220
2026-04-10 18:09:00,25.299,25.299,25.29,25.29,104
2026-04-10 18:10:00,25.299,25.299,25.299,25.299,6
2026-04-10 18:11:00,25.3,25.3,25.3,25.3,165
2026-04-10 18:12:00,25.3,25.3,25.29,25.29,450
2026-04-10 18:13:00,25.29,25.3,25.29,25.3,252
2026-04-10 18:14:00,25.29,25.3,25.29,25.3,200
2026-04-10 18:15:00,25.29,25.3,25.29,25.3,1041
2026-04-10 18:16:00,25.3,25.3,25.29,25.29,1044
2026-04-10 18:17:00,25.29,25.29,25.28,25.28,217
2026-04-10 18:18:00,25.29,25.29,25.29,25.29,15
2026-04-10 18:19:00,25.29,25.29,25.29,25.29,2001
2026-04-10 18:20:00,25.289,25.29,25.28,25.29,845
2026-04-10 18:21:00,25.28,25.29,25.28,25.29,210
2026-04-10 18:22:00,25.28,25.28,25.28,25.28,697
2026-04-10 18:23:00,25.289,25.3,25.28,25.3,411
2026-04-10 18:24:00,25.3,25.3,25.28,25.3,1276
2026-04-10 18:25:00,25.3,25.3,25.3,25.3,5
2026-04-10 18:26:00,25.28,25.29,25.28,25.29,896
2026-04-10 18:27:00,25.28,25.29,25.28,25.29,915
2026-04-10 18:28:00,25.29,25.29,25.29,25.29,0
2026-04-10 18:29:00,25.28,25.29,25.28,25.29,98
2026-04-10 18:30:00,25.29,25.29,25.29,25.29,43
2026-04-10 18:31:00,25.29,25.29,25.29,25.29,10
2026-04-10 18:32:00,25.29,25.29,25.28,25.281,903
2026-04-10 18:33:00,25.28,25.28,25.28,25.28,1635
2026-04-10 18:34:00,25.29,25.29,25.29,25.29,4553
2026-04-10 18:35:00,25.289,25.29,25.289,25.29,20
2026-04-10 18:36:00,25.28,25.29,25.28,25.29,288
2026-04-10 18:37:00,25.29,25.29,25.28,25.28,266
2026-04-10 18:38:00,25.28,25.281,25.28,25.28,502
2026-04-10 18:39:00,25.28,25.29,25.28,25.29,1038
2026-04-10 18:40:00,25.29,25.29,25.289,25.29,328
2026-04-10 18:41:00,25.28,25.29,25.28,25.29,1015
2026-04-10 18:42:00,25.29,25.29,25.28,25.29,1405
2026-04-10 18:43:00,25.29,25.29,25.29,25.29,1
2026-04-10 18:44:00,25.29,25.29,25.28,25.28,26
2026-04-10 18:45:00,25.28,25.29,25.28,25.28,525
2026-04-10 18:46:00,25.29,25.29,25.28,25.28,618
2026-04-10 18:47:00,25.28,25.28,25.28,25.28,6367
2026-04-10 18:48:00,25.28,25.28,25.28,25.28,0
2026-04-10 18:49:00,25.29,25.29,25.28,25.29,159
2026-04-10 18:50:00,25.29,25.29,25.29,25.29,0
2026-04-10 18:51:00,25.29,25.29,25.28,25.28,326
2026-04-10 18:52:00,25.28,25.29,25.28,25.29,560
2026-04-10 18:53:00,25.29,25.29,25.282,25.29,2260
2026-04-10 18:54:00,25.281,25.29,25.28,25.29,531
2026-04-10 18:55:00,25.29,25.29,25.29,25.29,242
2026-04-10 18:56:00,25.28,25.291,25.28,25.291,1439
2026-04-10 18:57:00,25.299,25.31,25.299,25.31,6409
2026-04-10 18:58:00,25.35,25.35,25.33,25.33,99
2026-04-10 18:59:00,25.3,25.303,25.3,25.303,403
2026-04-10 19:00:00,25.33,25.33,25.3,25.301,1048
2026-04-10 19:01:00,25.31,25.33,25.3,25.33,36
2026-04-10 19:02:00,25.304,25.304,25.304,25.304,20
2026-04-10 19:03:00,25.3,25.304,25.3,25.304,1533
2026-04-10 19:04:00,25.319,25.33,25.3,25.33,739
2026-04-10 19:05:00,25.329,25.344,25.329,25.344,2776
2026-04-10 19:06:00,25.344,25.344,25.344,25.344,0
2026-04-10 19:07:00,25.307,25.331,25.3,25.3,27
2026-04-10 19:08:00,25.307,25.35,25.307,25.35,31
2026-04-10 19:09:00,25.344,25.344,25.34,25.34,460
2026-04-10 19:10:00,25.3,25.3,25.3,25.3,199
2026-04-10 19:11:00,25.3,25.34,25.3,25.34,8
2026-04-10 19:12:00,25.33,25.33,25.3,25.33,71
2026-04-10 19:13:00,25.34,25.34,25.33,25.34,30
2026-04-10 19:14:00,25.33,25.34,25.32,25.34,306
2026-04-10 19:15:00,25.34,25.34,25.34,25.34,300
2026-04-10 19:16:00,25.34,25.34,25.33,25.33,3
2026-04-10 19:17:00,25.34,25.34,25.34,25.34,300
2026-04-10 19:18:00,25.33,25.33,25.33,25.33,38
2026-04-10 19:19:00,25.34,25.34,25.33,25.33,121
2026-04-10 19:20:00,25.34,25.34,25.34,25.34,60
2026-04-10 19:21:00,25.331,25.34,25.33,25.34,371
2026-04-10 19:22:00,25.33,25.34,25.33,25.34,321
2026-04-10 19:23:00,25.33,25.34,25.33,25.34,1105
2026-04-10 19:24:00,25.34,25.34,25.34,25.34,195
2026-04-10 19:25:00,25.33,25.34,25.33,25.33,211
2026-04-10 19:26:00,25.33,25.33,25.33,25.33,368
2026-04-10 19:27:00,25.33,25.33,25.3,25.32,3266
2026-04-10 19:28:00,25.34,25.34,25.34,25.34,1
2026-04-10 19:29:00,25.34,25.34,25.334,25.34,240
2026-04-10 19:30:00,25.339,25.34,25.339,25.34,1288
2026-04-10 19:31:00,25.34,25.34,25.34,25.34,26
2026-04-10 19:32:00,25.35,25.35,25.34,25.35,195
2026-04-10 19:33:00,25.34,25.34,25.34,25.34,14
2026-04-10 19:34:00,25.34,25.34,25.34,25.34,0
2026-04-10 19:35:00,25.35,25.35,25.35,25.35,504
2026-04-10 19:36:00,25.35,25.35,25.34,25.34,45
2026-04-10 19:37:00,25.35,25.35,25.347,25.347,36
2026-04-10 19:38:00,25.35,25.35,25.31,25.31,1393
2026-04-10 19:39:00,25.32,25.32,25.32,25.32,30
2026-04-10 19:40:00,25.344,25.349,25.344,25.349,15
2026-04-10 19:41:00,25.33,25.33,25.33,25.33,1
2026-04-10 19:42:00,25.34,25.35,25.34,25.35,897
2026-04-10 19:43:00,25.346,25.346,25.34,25.34,105
2026-04-10 19:44:00,25.32,25.34,25.31,25.32,1702
2026-04-10 19:45:00,25.34,25.34,25.32,25.33,3397
2026-04-10 19:46:00,25.32,25.34,25.32,25.33,315
2026-04-10 19:47:00,25.33,25.341,25.33,25.341,472
2026-04-10 19:48:00,25.35,25.35,25.349,25.35,4528
2026-04-10 19:49:00,25.35,25.35,25.34,25.35,237
2026-04-10 19:50:00,25.35,25.35,25.35,25.35,303
2026-04-10 19:51:00,25.35,25.35,25.342,25.35,2138
2026-04-10 19:52:00,25.35,25.35,25.34,25.34,702
2026-04-10 19:53:00,25.34,25.34,25.34,25.34,58
2026-04-10 19:54:00,25.34,25.34,25.32,25.32,798
2026-04-10 19:55:00,25.32,25.33,25.32,25.33,20
2026-04-10 19:56:00,25.33,25.33,25.32,25.33,54
2026-04-10 19:57:00,25.33,25.34,25.33,25.33,261
2026-04-10 19:58:00,25.32,25.33,25.31,25.31,640
2026-04-10 19:59:00,25.3,25.33,25.3,25.3,362
